<?xml version="1.0" encoding="utf-8" ?>
<data>
  <queries>
    <query relation="InsuranceTypes_Insurances">
      <captionText>InsuranceTypes-Insurances</captionText>
      <parent>InsuranceTypes</parent>
      <child>Insurances</child>
      <select_parent>SELECT * FROM InsuranceTypes</select_parent>
      <select_child>SELECT * FROM Insurances</select_child>
      <column_parent>ITId</column_parent>
      <column_child>ITId</column_child>
    </query>
    <query relation="ToolTypes_Tools">
      <captionText>ToolTypes-Tools</captionText>
      <parent>ToolTypes</parent>
      <child>Tools</child>
      <select_parent>SELECT * FROM ToolTypes</select_parent>
      <select_child>SELECT * FROM Tools</select_child>
      <column_parent>TTId</column_parent>
      <column_child>TTId</column_child>
    </query>
  </queries>
</data>